day,ZUSD,USD,USDT,USD,DUET,ADUET,ZBTC,BTC,ZNAS,NAS
1,0.9528405826479454,1,1,1,5.079014402613895,11.41,15545.660839801238,11829.6,988.5947835385412,7570.25
2,0.9559770549862466,1,1,1,4.988401334177075,11.85,15697.002254424635,11226.0,1016.6523852130977,7660.180176
3,0.9651092176023855,1,1,1,4.138004647432238,11.8,15846.951017761185,11332.7,1253.9123054251684,7642.669922
4,0.7824040872350104,1,1,1,4.44253486963843,11.43,12880.503048587756,11167.4,1528.4962946409523,7654.549805
5,0.7752106770333911,1,1,1,4.485299961261051,11.34,12832.802688648395,11384.4,1551.5838112030365,7622.319824
6,0.7927125837106664,1,1,1,3.994269074679963,10.56,13142.585361391943,12622.1,1835.7064687845202,7523.259766
7,0.7996837402970013,1,1,1,3.705341255528753,10.44,13352.83525762424,13025.0,2079.1221365523697,7453.169922
8,0.8079191873127454,1,1,1,3.458464670800824,10.98,13490.34782882305,11924.8,2362.4805387226675,7430.259766
9,0.821457910990343,1,1,1,3.2094081582840595,11.23,13733.160102553516,11368.1,2678.1331850143197,7447.680176
10,0.8217406387247975,1,1,1,3.169062742661851,11.51,13814.694616291894,11686.5,2785.394912486618,7507.870117
11,0.8219737567565024,1,1,1,3.1609743250333255,11.19,13818.613680611934,11374.2,2832.2707902270204,7488.060059
12,0.8303603733164873,1,1,1,3.0105772735201195,11.27,13959.605303978547,10036.4,3090.900279323525,7561.689941
13,0.8354843935574356,1,1,1,2.998708462635067,11.21,14174.5705718782,10792.9,3208.9490429816174,7545.5
14,0.8389300730773013,1,1,1,2.969158014776818,11.41,14331.449930495988,9283.5,3297.114238163164,7434.72998
15,0.8406400681683978,1,1,1,2.959436622530708,11.54,14236.815793014277,9777.4,3344.9666217275185,7494.399902
16,0.8406342341408296,1,1,1,2.952415558818502,11.1,14170.62663316828,10594.8,3399.2264715437,7490.319824
17,0.839116394077109,1,1,1,2.9551622199330203,11.09,13863.090486098887,10544.6,3446.3089814269256,7569.029785
18,0.8466703668944119,1,1,1,2.890554558167227,11.09,14035.969615097765,10754.4,3620.5728138776085,7531.069824
19,0.8515154202454172,1,1,1,2.8651439929798603,10.48,14116.290155744156,10727.8,3745.1100707004107,7548.75
20,0.8519873304008247,1,1,1,2.8694026304415585,10.01,14094.075978476105,10326.5,3863.540848106944,7563.189941
21,0.8535954303575396,1,1,1,2.855289953663101,9.86,14127.928919496515,9647.7,3979.60027342972,7563.089844
22,0.8550969333879346,1,1,1,2.863592294269484,9.91,14121.631075961977,10127.0,4059.219213756369,7629.569824
23,0.856885247677238,1,1,1,2.8523130301558455,10.65,14159.143056947983,9756.4,4171.853126271845,7627.649902
24,0.8581651219368576,1,1,1,2.855242024930839,8.72,13997.956453987179,10156.1,4241.82803285051,7645.450195
25,0.8602184471594595,1,1,1,2.8587796858909464,8.0,13983.389972633944,9485.7,4344.960961261334,7628.279785
26,0.8621645718687511,1,1,1,2.865352774192389,8.14,13978.543888248712,9774.8,4400.62644135074,7637.430176
27,0.8632213228995124,1,1,1,2.864609995411546,8.19,13959.698347216468,9544.6,4470.026784776973,7490.0
28,0.8647099748044775,1,1,1,2.8821145532562795,8.33,13903.373809999373,9678.3,4505.319000256109,7399.009766
29,0.8655322610263134,1,1,1,2.8933907393516547,8.51,13959.507381511437,10010.7,4549.892784586163,7352.819824
30,0.8658771995844357,1,1,1,2.884225759184795,7.74,13955.962052211751,10385.5,4584.18362963099,7371.620117
31,0.8674754938223002,1,1,1,2.8871759271609467,8.0,13875.109312199076,10775.8,4666.055600379194,7044.5
32,0.8652472953605367,1,1,1,2.8553368342727397,8.14,13337.776369218987,10845.5,4721.710429761971,6964.029785
33,0.8678383201219773,1,1,1,2.8414924307313,8.42,13400.211553258243,11389.1,4779.885320406411,7157.209961
34,0.8760073505843526,1,1,1,2.7905159624253777,8.25,13526.348800073358,11601.4,5002.715434201231,7068.669922
35,0.8829938780940444,1,1,1,2.7491324083757624,8.25,13673.793646833341,11786.2,5150.022889320205,7276.430176
36,0.8862734707072067,1,1,1,2.734514229452993,8.12,13766.561201299108,11391.0,5257.526251709903,7278.629883
37,0.8895279543008683,1,1,1,2.7163166534077434,8.09,13787.402805048408,11354.6,5339.100739068038,7116.089844
38,0.8921294773567788,1,1,1,2.701873246766535,7.93,13827.72559210084,10640.9,5425.548049933546,7107.22998
39,0.8964792537171543,1,1,1,2.6621588103059497,7.43,13806.430525817303,10013.8,5601.365626688466,7141.209961
40,0.8961378628628169,1,1,1,2.6603839692599878,7.45,13462.254469749649,10376.0,5666.955636378847,7118.669922
41,0.8938106856196938,1,1,1,2.684349400567015,7.87,13240.38344740392,10416.8,5666.885774524015,6789.149902
42,0.8943700213461492,1,1,1,2.6987820785324064,7.45,13243.961602822415,10512.6,5670.4320418963225,7016.390137
43,0.8946056785675456,1,1,1,2.713539113495057,7.0,13245.74838691045,10586.0,5704.699032856453,6852.399902
44,0.8966501249737873,1,1,1,2.7179435023776546,7.23,13377.760358521457,10363.7,5731.238498184793,6713.899902
45,0.8961360589213623,1,1,1,2.750856897007103,7.13,13233.59816458825,10487.1,5735.725067570669,6810.120117
46,0.8951304961238947,1,1,1,2.764847927882736,7.55,13125.589319536566,10361.1,5749.194966277683,6967.100098
47,0.8952563394184443,1,1,1,2.7965260529031126,7.35,13163.94734025513,10408.1,5775.167026764039,7069.169922
48,0.8994949848409503,1,1,1,2.8038658218680053,7.57,13219.110554822748,10080.7,5813.641236510098,6965.290039
49,0.8982481399376442,1,1,1,2.828333546890312,7.4,13055.771772894048,10109.6,5815.260624175567,6937.089844
50,0.8952469392326402,1,1,1,2.856736458353353,7.72,12559.916827203058,10372.2,5814.440942248387,6988.850098
51,0.895803873735412,1,1,1,2.8683444115064076,7.82,12522.786048271966,10303.3,5826.737062029766,7203.129883
52,0.8952209103480383,1,1,1,2.8789802434343983,7.69,12437.29639637704,10319.0,5846.18977341094,7158.589844
53,0.8978420528783679,1,1,1,2.9015280138822863,7.3,12503.69223466195,10348.6,5883.408698748325,7039.149902
54,0.8985952394399775,1,1,1,2.9253909887996397,7.11,12539.918206976054,10233.8,5947.972305800811,6829.100098
55,0.8987111121631408,1,1,1,2.9519183265176787,7.18,12633.731562238861,10226.5,5953.308036814085,6830.910156
56,0.8997394404461109,1,1,1,2.9764278252366947,7.34,12632.288266488826,10139.6,5992.051304395457,6769.870117
57,0.9004316975009281,1,1,1,3.0069014534952907,7.29,12721.699741004084,10235.3,6013.147517073527,6890.450195
58,0.9035574166123737,1,1,1,3.0202123563591843,7.69,12749.60990137372,10163.7,6062.542493557603,6867.02002
59,0.904361612031212,1,1,1,3.0321227182022303,7.48,12822.732736783086,9908.8,6069.172119916892,6642.919922
60,0.9038819055230577,1,1,1,3.049544457518831,7.54,12841.053954851055,9992.3,6069.135898520836,6526.959961
61,0.8998626075029628,1,1,1,3.086696746096002,7.44,12403.633624234766,9720.3,6046.320925431258,6575.660156
62,0.8979685601329893,1,1,1,3.1174242745742866,7.62,12237.400450135323,8682.6,6046.963959289081,6527.350098
63,0.8961125287312315,1,1,1,3.158153682240994,7.37,11897.006530676488,8364.4,6050.942816209217,6678.339844
64,0.8934764608451025,1,1,1,3.195972825041822,7.19,11618.954504213003,7970.9,6054.455511887382,6701.040039
65,0.8917614978759333,1,1,1,3.2197692953304453,7.36,11495.690403794588,8151.5,6076.817785191249,6913.330078
66,0.8844948313026254,1,1,1,3.2605123876405844,6.99,10839.516884783516,8165.8,6029.206479983182,6892.399902
67,0.8812921301283744,1,1,1,3.2871370784001366,7.46,10470.672616888054,7995.0,6031.463504016054,6949.009766
68,0.8794262785949882,1,1,1,3.3121069008649626,7.12,10295.267666977712,8275.9,6057.685721734042,7062.129883
69,0.8801312748195403,1,1,1,3.330279744173773,6.9,10292.894618890547,8293.4,6062.541894067405,6795.209961
70,0.8801833898803766,1,1,1,3.3566917438717874,7.02,10237.100081314622,8341.7,6070.8233540354395,6838.850098
71,0.8795161205368578,1,1,1,3.3660546914605716,6.44,10125.46083819174,8131.8,6080.100396435606,6613.279785
72,0.8808466245549839,1,1,1,3.386115506802096,6.01,10110.861371937666,8121.6,6102.3361182275175,6682.740234
73,0.8805824652059876,1,1,1,3.414903392206711,6.25,10070.389277849477,8064.4,6102.018716055558,6704.240234
74,0.8821265548318361,1,1,1,3.430108856881779,5.8,10096.295652648347,7965.4,6126.378463336609,6763.959961
75,0.8814729716503344,1,1,1,3.4536423718214895,5.47,10062.360734641177,8282.3,6157.1206526675605,6767.970215
76,0.8842772869445248,1,1,1,3.4580703955364416,5.18,10085.138871019932,8166.4,6198.176128944063,6594.959961
77,0.8864638545172205,1,1,1,3.47989731264178,5.15,10120.069047324621,8528.9,6239.744353818965,6448.390137
78,0.8861255506667255,1,1,1,3.508846732213213,4.71,10232.248262485222,8512.2,6246.532730925047,6491.52002
79,0.8852974399897895,1,1,1,3.5283974595382834,4.52,10215.658895630915,8304.3,6240.69516034104,6342.970215
80,0.8863041230163348,1,1,1,3.548847416707804,4.27,10210.37514426426,8350.4,6247.791534517645,6243.189941
81,0.8862719445394841,1,1,1,3.5786955764800816,4.17,10228.047132363492,8298.4,6260.966730412523,6046.560059
82,0.8856967893844864,1,1,1,3.5900490674371257,4.78,10130.17757902338,8331.9,6256.903612638737,5899.350098
83,0.8863635885893144,1,1,1,3.6235837671236903,4.89,10164.171685283336,8170.0,6294.85770553674,6262.77002
84,0.8872660556384387,1,1,1,3.6491401398975825,5.21,10126.861451551747,7976.1,6319.342635951462,6288.299805
85,0.887137996644975,1,1,1,3.6758411162918665,5.08,10031.469211547259,8109.1,6337.1600386900545,6285.27002
86,0.8876411067570589,1,1,1,3.7004861842358805,5.18,10084.430079511389,7906.3,6368.071376575148,6329.970215
87,0.888970369639633,1,1,1,3.7459449408143652,5.25,10105.039579301654,7917.6,6443.949007320005,6360.870117
88,0.8844064378526048,1,1,1,3.780183257207767,5.65,9809.19431615504,8217.2,6418.3538017450555,6147.129883
89,0.8840170360585868,1,1,1,3.830593291823782,5.92,9833.87257966606,8190.0,6426.697296779593,6422.669922
90,0.8844543192063519,1,1,1,3.841261469006931,5.85,9800.477772313605,8031.1,6439.091380692139,6488.25
91,0.8856249370468738,1,1,1,3.8635749705935587,5.98,9758.691894556276,7447.1,6448.550559688666,6551.850098
92,0.8833886859546933,1,1,1,3.890292900419853,6.19,9502.070971305791,7443.9,6432.267619101908,6600.689941
93,0.8807544764121591,1,1,1,3.927793552510676,6.2,9189.342564581339,8575.9,6416.968296388195,6620.939941
94,0.8830015515949493,1,1,1,3.958439938974352,6.11,9277.880355125108,9129.9,6434.271227340786,6601.399902
95,0.8838058049539859,1,1,1,3.9639904507979495,6.15,9286.33081189596,9710.0,6461.2920408882,6541.040039
96,0.8844043645177126,1,1,1,3.98524983667495,6.17,9312.867709584598,9284.8,6470.379023503692,6669.640137
97,0.8854246194999779,1,1,1,3.98700422289662,6.01,9358.046101338161,9359.7,6477.843297427164,6668.560059
98,0.8861260122722843,1,1,1,4.012795400281345,6.05,9419.19388553126,9116.4,6485.6845813755,6718.450195
99,0.8869734508669485,1,1,1,4.0401573277099905,5.52,9538.389745274726,9124.0,6516.179872690125,6784.609863
100,0.8872968310936021,1,1,1,4.052128870658481,5.39,9543.457509073849,9244.8,6532.344505137349,6646.810059
101,0.889525411332774,1,1,1,4.062752133677821,5.41,9567.427346531607,9316.3,6594.373793263338,6658.759766
102,0.8923522728239887,1,1,1,4.081075987740607,5.77,9597.832089995183,9174.0,6626.925189804775,6702.549805
103,0.8933922653126626,1,1,1,4.097190198342717,5.61,9647.605744349861,9421.2,6642.277729200859,6787.370117
104,0.8944837288633012,1,1,1,4.132223073940777,5.55,9797.90442516242,9319.6,6690.320912610461,6697.089844
105,0.8946891333422364,1,1,1,4.1586211349437665,5.98,9870.14309119392,9293.7,6725.784774577631,6632.790039
106,0.8954802243826898,1,1,1,4.1723084996470625,5.88,9888.215289571612,9248.5,6738.435456567512,6807.910156
107,0.898127028591149,1,1,1,4.164057431439688,5.88,9917.494210758961,8834.5,6758.352500896624,6906.839844
108,0.8976662588193212,1,1,1,4.19362401455138,6.0,9919.760967224807,8770.7,6799.795936539722,6875.52002
109,0.8984917080167117,1,1,1,4.227439222810161,5.8,10124.542970410292,9037.4,6819.750919163048,6959.959961
110,0.8989867147496318,1,1,1,4.259910074166089,5.93,10117.714999510774,8763.2,6869.259502120475,7023.52002
111,0.8990671471967874,1,1,1,4.296454990572433,5.7,10246.132110680013,8761.7,6894.545241786313,6997.620117
112,0.8992878020466462,1,1,1,4.308646080105552,5.67,10303.481863913705,8758.9,6898.986856592237,6904.97998
113,0.8996170104339826,1,1,1,4.32275677538158,5.79,10350.29156906922,8574.6,6907.157245295238,6913.129883
114,0.8991643142145213,1,1,1,4.346859122767262,5.83,10302.721824094257,8470.2,6919.290801691285,6909.180176
115,0.9000913012256893,1,1,1,4.369382595996815,6.02,10328.290598335918,8499.5,6952.643028618381,7014.669922
116,0.8995249765514726,1,1,1,4.404004581100671,6.07,10392.519907525351,8457.7,6993.170599783871,7015.879883
117,0.8993462323628787,1,1,1,4.440523807238479,6.29,10356.86856328943,8206.8,7007.622274223673,7022.419922
118,0.8982756089578312,1,1,1,4.474820611359922,6.14,10226.863113029007,8135.5,7055.88078795094,7055.180176
119,0.8997045938456836,1,1,1,4.5038888076839765,6.34,10376.721964788581,8114.1,7079.722662840537,7066.609863
120,0.8978710715365122,1,1,1,4.545131068262631,6.12,10107.931182086373,7635.2,7070.154797235198,7062.339844
121,0.8978494426817782,1,1,1,4.575506188037271,6.21,9993.857972712627,7238.9,7094.243485787015,7035.160156
122,0.8963151285883102,1,1,1,4.615448626647346,6.19,9889.159692338644,7244.8,7082.120297593875,7090.629883
123,0.8929176685125491,1,1,1,4.669056779052318,6.14,9661.360965460384,6763.0,7094.056010109287,7115.430176
124,0.8890892407060458,1,1,1,4.689222130813807,6.1,9369.32587531358,7158.0,7092.369643867138,7123.220215
125,0.8872325741275069,1,1,1,4.72872501666828,6.17,9239.892703092135,7111.6,7087.7723498851165,7117.0
126,0.8833459728481622,1,1,1,4.770117913613294,6.33,8986.243059309183,7490.6,7058.213794098275,7097.529785
127,0.8844070324715279,1,1,1,4.79503933387733,6.3,8994.332124818991,7480.0,7099.310923759464,7151.569824
128,0.8836543792656126,1,1,1,4.829989395765238,6.51,8992.373941912669,7745.6,7136.398778319204,7150.830078
129,0.8837701513777168,1,1,1,4.833550095538323,6.18,9013.46707504817,7341.6,7137.333754684138,7156.790039
130,0.8844047901461437,1,1,1,4.8548115888621055,6.04,8974.757045141385,7361.0,7151.949002942122,7112.470215
131,0.8848790516836423,1,1,1,4.8785042006191315,5.95,8945.571364946345,7299.3,7156.991239354164,7026.879883
132,0.8862492541100747,1,1,1,4.909689776582368,5.92,9048.046485188994,7162.3,7170.586215542132,7015.689941
133,0.8867640121753845,1,1,1,4.944865184699823,6.01,9023.72934271472,7221.4,7179.551807599829,7164.02002
134,0.8866367154108407,1,1,1,4.969252545530113,6.0,9058.930013484922,7397.5,7200.336734384213,7201.279785
135,0.8852570319039905,1,1,1,4.999620722072327,5.92,8984.539239230404,7567.2,7238.318414176206,7256.97998
136,0.8853922658453265,1,1,1,5.023305586467524,5.96,8951.987768102212,7445.8,7267.397029331916,7243.009766
137,0.8855908238346909,1,1,1,5.040202638975915,6.21,8992.26125510785,7512.3,7279.670578451861,7306.990234
138,0.8865091903694283,1,1,1,5.050914687436225,5.76,8980.942126038424,7394.6,7305.374085631637,7326.279785
139,0.8888400827807056,1,1,1,5.067602013511535,5.99,8975.894807380282,7236.4,7324.582054598823,7349.279785
140,0.8891039216751775,1,1,1,5.091649270822382,5.98,8989.122440579462,7167.7,7338.826532247879,7380.75
141,0.8896186661391404,1,1,1,5.1040908082852425,5.96,8962.17173635464,7242.9,7345.678845486998,7493.27002
142,0.8895264981835811,1,1,1,5.137382318323397,5.78,8890.145144309217,7259.3,7376.381367332317,7326.060059
143,0.8898917741697758,1,1,1,5.154219629612033,5.89,8906.277829197918,7075.2,7384.588646578347,7316.959961
144,0.8916337242980952,1,1,1,5.185051688695552,5.98,8937.61203862491,7071.5,7430.209501417274,7351.149902
145,0.8915093195826217,1,1,1,5.242761005830952,5.91,8974.208533302486,6903.3,7446.849298151212,7308.189941
146,0.8817433060057653,1,1,1,5.328398560427895,5.87,8251.429774461672,6672.5,7374.273472936481,7320.470215
147,0.8824321356335935,1,1,1,5.362535972789926,5.76,8215.27655701428,7156.5,7381.991384924408,7378.77002
148,0.8833515902451564,1,1,1,5.382478913681324,5.8,8226.856719804293,7150.4,7399.71292018276,7478.419922
149,0.8837305941092372,1,1,1,5.425731559579608,5.52,8240.569284417234,7161.9,7438.35750414035,7499.640137
150,0.8838162940367466,1,1,1,5.455125627302601,5.7,8219.02644613862,7157.0,7478.395386604309,7544.970215
151,0.8845820027488015,1,1,1,5.473313253968437,5.81,8208.12483527281,7569.3,7496.066893794106,7540.569824
152,0.885069972805667,1,1,1,5.485450646551111,5.86,8192.940131761496,7335.6,7501.581408771697,7578.839844
153,0.8856782572413574,1,1,1,5.514489576218649,5.66,8226.830482368829,7259.6,7533.416624608962,7599.740234
154,0.886529443783206,1,1,1,5.521135107949992,5.68,8228.994655715587,7199.3,7540.656661035934,7568.490234
155,0.8863980127235691,1,1,1,5.537606666472784,5.45,8275.913309479094,7210.2,7542.550280507136,7611.490234
156,0.8876543341618862,1,1,1,5.575311959187997,5.45,8339.242169811847,7262.8,7581.451704999096,7594.890137
157,0.888991705264846,1,1,1,5.608123315570897,5.37,8360.510480036892,7350.2,7614.763147574148,7628.149902
158,0.8889037404821858,1,1,1,5.645151717704065,5.26,8344.096774092497,7389.0,7633.118278546564,7629.120117
159,0.8892906452139561,1,1,1,5.66936168707932,5.3,8312.011469738252,7257.9,7679.5464455375995,7654.72998
160,0.8898089510154711,1,1,1,5.725193984219595,5.26,8462.805986663065,7222.0,7719.471068689254,7680.720215
161,0.8895695811777469,1,1,1,5.759987458935888,5.45,8420.44987555299,7144.6,7731.112336412031,7689.720215
162,0.8899586102220702,1,1,1,5.803334196313569,5.49,8463.982522289867,7192.0,7763.366078539314,7713.490234
163,0.8904043727012155,1,1,1,5.825591363790291,5.3,8487.216795029473,7340.5,7772.722776861191,7810.709961
164,0.8923880121134501,1,1,1,5.8553381621160465,5.2,8536.322997227575,7473.4,7792.48447695817,7784.410156
165,0.8921497693116129,1,1,1,5.9082347422724855,5.16,8626.363176020848,7547.3,7798.534015625652,7816.919922
166,0.8926237482792678,1,1,1,5.939851344767609,5.15,8655.328131912296,7834.6,7860.107433975955,7826.680176
167,0.8932204160037088,1,1,1,5.963198141050426,5.18,8749.27124793837,8332.0,7870.887251876526,7839.040039
168,0.8947200502997918,1,1,1,5.979674321775171,5.05,8763.960463493746,7964.8,7909.061964225869,7781.459961
169,0.8963088459444775,1,1,1,6.0044625552350706,4.87,8787.86751748105,7813.9,7933.24270348125,7751.850098
170,0.8967928265869334,1,1,1,6.034067724748529,4.79,8770.224720699007,8126.0,7950.355449298632,7724.060059
171,0.8975442622834047,1,1,1,6.060369881200946,4.96,8782.144968346525,8075.1,7988.871787607768,7845.72998
172,0.8978531691249735,1,1,1,6.102295729764858,4.88,8856.087798469152,8130.8,7995.019926852984,7794.089844
173,0.8980248151644862,1,1,1,6.140711463862175,4.93,8999.962229990637,8547.2,7996.548365525877,7640.149902
174,0.8983501341660766,1,1,1,6.184297460878022,4.48,9107.719053899189,8662.6,8030.535049354919,7617.549805
175,0.8992604739997015,1,1,1,6.199186040987064,4.71,9117.809806300567,8659.6,8039.012304611249,7582.75
176,0.9004423970676803,1,1,1,6.222399212740072,4.53,9142.19493290655,8800.9,8049.578202214114,7586.529785
177,0.9009642377189859,1,1,1,6.255185161063769,4.65,9260.208336486605,8860.9,8066.533724445312,7324.129883
178,0.9019156706947288,1,1,1,6.2968196983684095,4.66,9287.274463195712,9138.5,8080.338086947761,7401.879883
179,0.9021543671462537,1,1,1,6.349942901112038,4.63,9406.903602227452,8662.4,8093.46179010413,7503.25
180,0.9024801932679237,1,1,1,6.404690844521154,4.41,9476.54894503218,8680.7,8158.25566418266,7580.140137
181,0.9041184196429938,1,1,1,6.414234695842209,4.39,9488.952118151607,8730.7,8199.335348423276,7503.680176
182,0.9042532571589734,1,1,1,6.458095259978812,4.32,9494.072012821365,8584.7,8204.221002499402,7376.700195
183,0.9048603975557729,1,1,1,6.476292176817805,4.17,9511.901082811308,8305.9,8221.717345558389,7451.02002
184,0.9071436324867598,1,1,1,6.504042902154403,3.82,9583.733779698136,8309.3,8259.907441092459,7420.660156
185,0.906880718662047,1,1,1,6.539407163352095,3.79,9556.829838028247,8363.0,8294.110785969562,7307.930176
186,0.9063973938867941,1,1,1,6.5650500508070175,3.72,9557.472424860573,8633.1,8290.651921315974,7300.959961
187,0.9072795698593534,1,1,1,6.579411532661749,3.6,9624.858199657563,9078.2,8304.31880028536,7278.379883
188,0.9092991736153611,1,1,1,6.612715284581906,3.65,9644.798051476972,9332.6,8336.040170971817,7216.859863
189,0.909892700843696,1,1,1,6.652865180309581,3.54,9727.171136163039,9330.0,8363.153707300275,7245.399902
190,0.9098997485496215,1,1,1,6.676901900820403,3.74,9743.033800487325,9412.1,8352.786903132244,7127.959961
191,0.9095283072557124,1,1,1,6.736431083532746,3.8,9767.498488295796,9411.6,8351.73444241676,6978.02002
192,0.9095879462349357,1,1,1,6.790819070209016,3.79,9778.614825287814,9317.5,8439.42952767433,7166.75
193,0.9101064133293217,1,1,1,6.822606093701557,3.73,9818.885854406322,9393.5,8473.908339514795,7220.899902
194,0.9103554975191425,1,1,1,6.864276996589086,3.82,9940.185729204144,9274.2,8488.912823151426,7275.930176
195,0.9107738124080397,1,1,1,6.90573558947421,3.77,9991.69537786053,9236.7,8532.131315419076,7417.290039
196,0.910217788774414,1,1,1,6.959120175874075,3.59,10149.597367804068,9629.3,8559.896268629178,7501.930176
197,0.9102516915270901,1,1,1,7.010041392697129,3.34,10149.97540841541,9807.0,8560.740081871409,7513.850098
198,0.9118261885819432,1,1,1,6.984687628654574,3.43,10199.95503704374,9763.2,8575.526045581182,7472.290039
199,0.9122364900618365,1,1,1,7.0167457991198825,3.31,10204.544789673078,10092.9,8573.920088952073,7510.680176
200,0.9113446185555484,1,1,1,7.04262442765978,3.28,10242.683456087561,10064.0,8540.502181496442,7479.109863
201,0.9113998001967395,1,1,1,7.093943985774808,3.35,10218.535134021091,9733.4,8557.905710119043,7526.52002
202,0.9119155372473163,1,1,1,7.132457575779237,3.2,10284.722423364836,10292.6,8565.137338858933,7635.399902
203,0.9125271481243111,1,1,1,7.171733103904453,3.3,10291.620264057396,10391.1,8581.996743550366,7667.740234
204,0.9129003360470981,1,1,1,7.200296352074937,3.19,10305.952570900374,10232.4,8597.3298158473,7738.049805
205,0.9134912872382374,1,1,1,7.224101561282687,3.23,10312.623961748985,10275.1,8608.378239308617,7728.779785
206,0.9151208769912392,1,1,1,7.244825134309723,3.26,10331.020794394686,10009.8,8624.403528529194,7723.02002
207,0.9167010478293789,1,1,1,7.2591317549296965,3.23,10372.664284759581,9748.9,8636.346436158698,7591.540039
208,0.9173845038561219,1,1,1,7.278982429639439,3.22,10437.630634820456,9640.9,8634.420967742082,7627.049805
209,0.9184470471326641,1,1,1,7.297183574130318,3.25,10456.433993386827,10113.9,8645.15795831038,7657.049805
210,0.9190860116860095,1,1,1,7.3288284761290345,3.37,10543.090197451993,9578.4,8657.222461152367,7671.080078
211,0.9197503184685171,1,1,1,7.358343513803597,3.2,10522.14149793478,9688.0,8656.659773142675,7768.140137
212,0.9213752859100166,1,1,1,7.371457581120922,3.25,10593.372666935287,9626.9,8675.64371050381,7799.819824
213,0.9219807986912875,1,1,1,7.401976062026351,3.34,10599.161451566139,9839.7,8683.238618240159,7857.689941
214,0.9226481448216032,1,1,1,7.431680741641479,3.32,10604.1590516139,9754.5,8693.102317412877,7841.299805
215,0.9225242879777994,1,1,1,7.460252278477333,3.29,10601.78972451681,9592.1,8698.461166864328,7785.790039
216,0.92235507024741,1,1,1,7.495024115202856,3.4,10581.985461862489,9177.8,8722.906802861402,7826.859863
217,0.9225997129268457,1,1,1,7.514431969101824,3.27,10576.044202115685,8705.3,8733.656374041777,7903.399902
218,0.9223349031798439,1,1,1,7.542292949679905,3.28,10542.648151104906,8853.6,8745.07744263289,7896.779785
219,0.9226786985779641,1,1,1,7.561833909460788,3.28,10526.690750967333,8747.9,8756.94804550439,7943.240234
220,0.9221581038442832,1,1,1,7.605749063995526,3.13,10474.462008879098,8592.1,8757.170138307785,7966.930176
221,0.9216759579529357,1,1,1,7.645215205560176,3.04,10389.189547094318,8634.3,8757.499657853068,7927.080078
222,0.92130765240403,1,1,1,7.679385192385315,2.92,10407.777564498236,8840.3,8782.062618154692,7888.759766
223,0.9215658745256711,1,1,1,7.714739378179271,2.97,10430.5174806268,8813.5,8784.524035723218,7904.129883
224,0.9213520005594334,1,1,1,7.752957661361888,3.04,10406.08961612095,8745.4,8801.052698835567,7834.899902
225,0.9201808412964517,1,1,1,7.792695047509085,2.73,10374.37282079233,9050.1,8808.562035275065,7905.120117
226,0.9202544755589596,1,1,1,7.840728181412898,2.58,10472.046876327588,9077.1,8800.46059561257,7954.560059
227,0.9220797654222685,1,1,1,7.873931354383618,2.42,10461.620794580433,8738.9,8839.95324633717,8010.609863
228,0.9222780747397749,1,1,1,7.858295890668184,2.41,10458.315948701189,8052.9,8847.887409338984,7929.870117
229,0.9224595558372751,1,1,1,7.904203939832462,2.3,10383.437991188413,7911.4,8892.16882715311,8016.950195
230,0.9235186480012193,1,1,1,7.961717645147165,2.48,10464.769244630868,7926.2,8922.346663210054,7989.080078
231,0.9209673739939673,1,1,1,8.009039696606523,2.45,10261.271042737902,7653.3,8897.879896118038,7952.470215
232,0.9168597721735041,1,1,1,8.07055230012558,2.31,10087.119966847038,5105.3,8868.305327148055,7848.779785
233,0.9085822855595211,1,1,1,8.129749370783104,2.23,9481.818053329192,5584.1,8788.882560197511,7801.149902
234,0.9041985096142819,1,1,1,8.184016655376416,2.09,9187.902252159782,5184.5,8760.15446534715,7692.799805
235,0.8934562167226994,1,1,1,8.25900417226162,2.16,8463.716319881936,5267.4,8658.663427851421,7415.689941
236,0.8879759226551239,1,1,1,8.32910163372902,1.89,8082.633728956903,5218.8,8623.920896215444,7521.319824
237,0.8830884096935714,1,1,1,8.402338626047136,2.2,7773.455604021944,5342.1,8602.38230616656,7551.899902
238,0.881011197119474,1,1,1,8.469212059417796,2.08,7626.278961363653,5275.0,8592.200639915936,7724.830078
239,0.8818144606836846,1,1,1,8.490528735687464,2.12,7636.181721466746,6095.4,8624.730142163377,7646.27002
240,0.8820227661725157,1,1,1,8.529648674916066,2.08,7645.561764923447,6246.2,8623.49133646426,7561.680176
241,0.8832173080925145,1,1,1,8.559047788970082,1.91,7665.572301791676,6349.6,8637.547015672144,7728.149902
242,0.8839200346673303,1,1,1,8.595407228823676,1.71,7727.834093000755,5977.5,8638.341869786322,7490.129883
243,0.8799683293141645,1,1,1,8.64616145966513,1.76,7469.559159236964,6547.6,8617.619389022593,7484.890137
244,0.8795441790979954,1,1,1,8.713597278691804,1.73,7471.187656389193,6571.6,8634.663944873306,7604.109863
245,0.8785141257234593,1,1,1,8.759133221610327,1.66,7481.912090351829,6726.3,8621.899749104976,7719.319824
246,0.8802562706045736,1,1,1,8.773222960836948,1.67,7524.559087228682,6782.0,8640.177684929758,7664.470215
247,0.8805405647677487,1,1,1,8.80125904517644,1.57,7528.24390061513,6122.4,8671.435665129926,7733.220215
248,0.8808927562050181,1,1,1,8.858918673310752,1.42,7541.706956691646,6214.5,8674.90399528107,7707.430176
249,0.8806619973918484,1,1,1,8.890727461319981,1.45,7496.024127439745,5998.8,8675.552253867361,7464.990234
250,0.8794548391350197,1,1,1,8.921053880193385,1.37,7421.599257905219,6454.3,8656.472883745577,7575.02002
251,0.8798526707398323,1,1,1,8.963777810181123,1.51,7424.956504476234,6346.7,8685.320197975252,7566.029785
252,0.8799390086969707,1,1,1,9.008325842075115,1.47,7429.149301137445,6594.4,8698.837507054714,7587.899902
253,0.8795362168612105,1,1,1,9.053070796648807,1.46,7452.6390795355255,6799.3,8701.186090046007,7702.310059
254,0.8807802894598303,1,1,1,9.071775648307735,1.3,7465.3375803820145,6706.4,8730.878109247651,7691.0
255,0.8820575273073175,1,1,1,9.125584086870013,1.41,7492.277588635693,6804.7,8747.959104804218,7609.509766
256,0.8830954620765017,1,1,1,9.145114940507801,1.44,7464.547980716439,6836.3,8775.648909124533,7719.25
257,0.8829709853949396,1,1,1,9.194212273535904,1.39,7458.356263317075,7304.8,8793.513237745596,7862.540039
258,0.8848409829505164,1,1,1,9.214268936154092,1.61,7499.766244108997,7356.8,8814.38623546078,7852.540039
259,0.8858782674426848,1,1,1,9.24619466126764,1.66,7529.105402633137,7281.3,8839.53643413455,7832.399902
260,0.8858216600661287,1,1,1,9.289412900133298,1.5,7534.881243644102,7169.3,8857.133919818243,7814.740234
261,0.8854985321326807,1,1,1,9.334677152197667,1.4,7568.291560503344,6901.0,8844.996595047342,7887.580078
262,0.8876040717585255,1,1,1,9.35318702542341,1.47,7583.307440893595,6808.9,8871.633147324661,7917.339844
263,0.8877903912107544,1,1,1,9.398106844286664,1.76,7563.3782709781335,6684.4,8943.90407486636,7892.950195
264,0.8882571156507404,1,1,1,9.421990113359099,1.62,7615.844247356019,6884.9,8949.514359707124,7852.410156
265,0.8884065332496784,1,1,1,9.494900930506274,1.61,7793.894936619665,6902.3,8981.659815236919,7888.790039
266,0.8888528937465614,1,1,1,9.522122829262521,1.58,7857.11482435561,6659.5,9001.95844691667,7888.560059
267,0.8903924082637641,1,1,1,9.532870953710699,1.82,7864.250676591706,7076.6,9020.24536713021,7901.790039
268,0.8904293340094748,1,1,1,9.556126839768822,1.77,7854.70370984962,7083.3,9030.576909808728,7823.549805
269,0.8908673324584762,1,1,1,9.596178990937945,1.76,7875.990662014149,7209.4,9064.875502997722,7818.609863
270,0.89080304321342,1,1,1,9.63759894671477,1.74,7921.597495743418,7162.6,9071.234969216379,7710.040039
271,0.8928767458718988,1,1,1,9.689596717386346,1.79,7953.525950897298,6854.9,9144.149985593851,7803.540039
272,0.8925701920775466,1,1,1,9.701126183031946,1.66,8044.92607790615,6852.0,9144.288771426434,7771.990234
273,0.8943149627197825,1,1,1,9.735017212208698,1.64,8079.994676025126,7129.2,9174.083266405887,7681.580078
274,0.8946117921064726,1,1,1,9.777430848729244,1.49,8138.273519615369,7520.8,9151.380232008642,7749.450195
275,0.8948010280407996,1,1,1,9.84663868809124,1.47,8186.40996877619,7510.2,9145.470648408218,7684.140137
276,0.8955709978770914,1,1,1,9.91561515534626,1.52,8273.832006146178,7569.2,9154.247988043717,7550.790039
277,0.8961820041646058,1,1,1,9.968761599832915,1.49,8344.926498577155,7723.7,9178.361340446878,7638.390137
278,0.8982290492375464,1,1,1,10.007703142455055,1.49,8472.860716237834,7706.2,9208.950814456763,7754.100098
279,0.898271057778993,1,1,1,10.036008828671326,1.41,8461.597925448339,7801.0,9208.961056225995,7725.129883
280,0.8977523770690817,1,1,1,10.073307613757361,1.41,8464.55704824433,9185.7,9194.094492162463,7604.27002
281,0.8971980260921352,1,1,1,10.127469912407335,1.44,8463.357008475767,8673.9,9204.360130951247,7690.529785
282,0.8981537826769236,1,1,1,10.177264637542425,1.49,8472.372754113883,8845.2,9200.839747527021,7740.359863
283,0.8998059283753566,1,1,1,10.2237602313652,1.3,8510.167394175907,9137.7,9311.190750035015,7843.879883
284,0.9012114802927004,1,1,1,10.288486285978669,1.5,8523.460796364752,8747.9,9347.53235712512,7842.330078
285,0.9014511450337411,1,1,1,10.34280354262083,1.65,8566.52075170687,8870.5,9344.245603781195,7942.850098
286,0.9010001677578633,1,1,1,10.397103483740679,1.87,8562.235099385456,8995.9,9340.66724975559,7920.209961
287,0.9016284878674833,1,1,1,10.428560549109429,1.64,8568.206046660223,9263.6,9350.47784756951,7942.140137
288,0.9026670571278718,1,1,1,10.47011925167125,1.62,8684.60682009546,9925.1,9355.466275331879,7868.490234
289,0.9019051546596407,1,1,1,10.52790655862764,1.7,8724.531098537927,9873.7,9339.047204686523,7940.330078
290,0.9016117299271312,1,1,1,10.576648217634942,1.75,8819.95071264761,8635.1,9336.450637768332,7874.620117
291,0.9020970942744101,1,1,1,10.634197899591477,1.69,8918.37324110379,8659.3,9352.819998993446,7889.470215
292,0.9045320331732134,1,1,1,10.660796910355918,1.73,8942.445698555033,8727.8,9369.462458986702,7966.720215
293,0.9055978261917661,1,1,1,10.70179970616193,1.83,8952.982413502397,8913.3,9363.590021235432,8029.220215
294,0.9048844435204293,1,1,1,10.743012175782244,1.68,8955.611241560828,9329.9,9379.188956638945,8110.669922
295,0.9060625099155392,1,1,1,10.760602599171111,1.64,8982.615904383989,9497.4,9422.118654171943,8047.509766
296,0.9061936178243609,1,1,1,10.807209906146527,1.66,9086.485891541328,9419.9,9419.596595407413,8083.109863
297,0.9064846594761529,1,1,1,10.847846950596967,1.75,9130.9667501464,9559.1,9429.04627333727,8083.830078
298,0.9068738427851664,1,1,1,10.875495047676358,1.84,9150.11668704153,9856.5,9419.63340425877,8161.169922
299,0.9072623082535721,1,1,1,10.821673278864292,2.0,9201.736175163544,9524.6,9421.30095518852,8210.660156
300,0.9077914017985247,1,1,1,10.857239311835302,1.85,9225.675660085268,9722.1,9437.03606661696,8210.179688
301,0.9086922283851008,1,1,1,10.89858030088052,2.33,9278.332994905364,9477.8,9431.469241322871,8196.030273
302,0.9085453773727157,1,1,1,10.931872805745577,2.38,9321.3756210667,8998.3,9411.359339831672,8219.650391
303,0.9094435183395168,1,1,1,10.957303078615992,2.35,9347.752050913103,9275.5,9419.855300076219,8255.889648
304,0.9099543399546045,1,1,1,10.98468824852466,2.3,9410.116456344163,9201.0,9437.083215693674,8241.910156
305,0.9099419335755486,1,1,1,11.024520483649521,2.23,9409.988158179529,8773.7,9466.235221721901,8263.790039
306,0.9095288100112245,1,1,1,11.06774040865111,2.08,9445.707364774808,8918.6,9460.742404550056,8259.80957
307,0.9110409184251957,1,1,1,11.096180317178433,1.94,9494.618850091707,8850.5,9470.68458828405,8257.830078
308,0.9111474930419419,1,1,1,11.175967640361296,1.76,9495.729541548735,9170.4,9508.362121864206,8315.519531
309,0.9124142252348103,1,1,1,11.224576642618539,1.72,9544.530614865269,9525.3,9540.602030360307,8328.480469
310,0.9124077716490264,1,1,1,11.27178990235914,1.91,9581.749854396952,9380.9,9531.47159200728,8338.740234
311,0.9129614175273282,1,1,1,11.288851141972012,1.9,9593.17966430617,9587.2,9538.191687660785,8283.75
312,0.9150580643796914,1,1,1,11.348431561689875,1.9,9692.386876264001,9554.4,9602.432835113263,8265.620117
313,0.9153273344149935,1,1,1,11.377475511794184,1.95,9695.239011508667,10080.8,9588.898411986991,8272.049805
314,0.9151814805366759,1,1,1,11.428782303362986,1.98,9758.107859926848,9496.0,9621.153502817586,8371.929688
315,0.914580685863984,1,1,1,11.472742380748159,2.0,9777.45408767609,9681.7,9614.84408762958,8385.75
316,0.9145495108384615,1,1,1,11.528922327912825,1.92,9877.191320895749,9555.0,9603.471818100359,8444.709961
317,0.9148810816245745,1,1,1,11.565766755301238,1.85,9880.772305907545,9616.2,9598.17743412854,8403.679688
318,0.9138064433493651,1,1,1,11.614147411382312,1.8,9869.166146023133,9697.6,9592.542971105499,8309.259766
319,0.9147857691102718,1,1,1,11.659123939342704,1.92,9926.429448278128,9718.6,9595.50221815612,8254.740234
320,0.9147286762453558,1,1,1,11.697096093850114,1.9,9970.24798893301,9682.9,9600.073515594577,8296.530273
321,0.916386344153732,1,1,1,11.741716933925192,2.03,10018.373094052935,9754.2,9630.48804753514,8308.400391
322,0.9162675738475088,1,1,1,11.815340683971128,2.05,10061.444305458837,9878.7,9668.425237696185,8397.370117
323,0.9167737816818035,1,1,1,11.849519348763934,2.22,10067.002924007737,9381.5,9658.18394949036,8362.740234
324,0.9161749471705747,1,1,1,11.890960216444316,2.29,10084.841187531558,9421.4,9654.127522049721,8354.290039
325,0.9161912354546143,1,1,1,11.93495518775186,2.37,10085.020481626276,9431.5,9679.521321245862,8402.610352
326,0.9163619751529306,1,1,1,11.954060314646997,2.28,10082.310995622805,9438.5,9689.192972359662,8466.889648
327,0.9161423949902419,1,1,1,11.971077647520474,2.32,10112.014457746138,9549.2,9673.48360387539,8487.709961
328,0.9157254159699348,1,1,1,12.028219971659494,2.45,10229.828727890905,9461.8,9658.472430757873,8570.330078
329,0.9150786018421031,1,1,1,12.093597470651995,2.6,10443.422506036653,9436.3,9635.217278332138,8575.700195
330,0.9168981610256403,1,1,1,12.123637524626771,2.61,10443.616289302343,9267.9,9652.024706805416,8580.620117
331,0.9167970166062411,1,1,1,12.146967106643837,2.58,10485.825078077121,9331.8,9649.48905924134,8641.290039
332,0.9167644280031471,1,1,1,12.186706036835178,2.73,10540.387123214477,9362.0,9657.809373306172,8678.490234
333,0.9173752971988388,1,1,1,12.221079678212226,2.65,10569.084632433509,9378.5,9676.086493631417,8696.009766
334,0.9179927346532935,1,1,1,12.298226039814649,2.65,10605.197872846318,9651.7,9717.626973786944,8699.509766
335,0.9181665908964894,1,1,1,12.336720942744117,2.54,10639.401848032654,9645.9,9747.593249993986,8778.30957
336,0.919111665869948,1,1,1,12.359133445755537,2.53,10643.11364046351,9074.7,9750.563465090496,8770.980469
337,0.9189107665146011,1,1,1,12.40422680888725,2.64,10702.631559717778,9249.4,9781.42631335237,8709.730469
338,0.919140210299453,1,1,1,12.464888474779103,2.65,10687.507836986611,9163.1,9786.079314366729,8733.070313
339,0.9188170817800925,1,1,1,12.52767030663719,2.74,10652.281995669086,8970.6,9779.1881936442,8872.219727
340,0.9178116587280961,1,1,1,12.560079305993684,3.23,10581.909921867375,9104.5,9776.806747756957,8793.900391
341,0.9179725814288571,1,1,1,12.595807212582232,3.3,10552.75385810431,9171.7,9776.453715659152,8848.519531
342,0.9186207104931954,1,1,1,12.64080023139624,3.05,10579.933983446723,9124.2,9786.992625538862,8846.450195
343,0.9181280427897855,1,1,1,12.680247185136933,2.98,10549.223800407557,9233.4,9797.231410228278,8912.370117
344,0.9186521771388364,1,1,1,12.746146898430249,2.87,10540.267774178084,9202.0,9802.82438339583,8989.629883
345,0.9185585982037082,1,1,1,12.811559330109988,2.64,10559.478446223704,9086.1,9823.996783888582,8966.639648
346,0.9193522047555867,1,1,1,12.854500448413933,2.73,10547.464367440858,9134.9,9851.910131705796,9070.650391
347,0.9209296388746622,1,1,1,12.888611799155042,2.62,10587.916593621827,9088.7,9864.602133215092,9033.419922
348,0.9218646161142768,1,1,1,12.942818712926845,2.69,10572.189625255378,9299.5,9879.185760388526,9035.669922
349,0.9216241113769024,1,1,1,13.017727499764913,2.7,10601.182548878493,9300.5,9882.455933479778,9125.0
350,0.9234923868073094,1,1,1,13.050340233717337,2.5,10695.07033980669,9382.5,9902.489208851683,9173.730469
351,0.9237149194863707,1,1,1,13.091308108340176,2.43,10741.017509199006,9215.5,9927.444535055056,9166.629883
352,0.9235396323738404,1,1,1,13.127415103382807,2.5,10724.845961309713,9263.8,9925.168495476186,9188.580078
353,0.925646303957817,1,1,1,13.167640498133862,2.47,10773.417245936484,9276.5,9947.598113095313,9216.980469
354,0.927770325041813,1,1,1,13.223101590394595,2.31,10859.045974320645,9274.2,10025.411598458812,9141.469727
355,0.9272195937258035,1,1,1,13.250819190401597,2.39,10801.1868135357,9224.1,10017.954438526842,8952.179688
356,0.9276373033042384,1,1,1,13.296591728133746,2.36,10806.84084894165,9242.1,10027.686522436843,9090.929688
357,0.9287748034343554,1,1,1,13.329307924115353,2.31,10804.211390644337,9200.1,10083.529786606887,9101.610352
358,0.9283686557335711,1,1,1,13.385707905853737,2.16,10803.338453471775,9110.1,10139.626530919179,9136.089844
359,0.9302469589764597,1,1,1,13.436508361875187,1.96,10861.88905581148,9139.4,10181.170482562915,8991.509766
360,0.9300513636467761,1,1,1,13.500225176954238,2.09,10836.119473352812,9157.0,10200.361556930082,9126.230469
361,0.9299172593053958,1,1,1,13.570353520949096,2.28,10823.078796922771,9188.5,10230.616178424505,9334.05957
362,0.9300452211293538,1,1,1,13.61249560953319,2.21,10864.573021745446,9178.4,10239.904950609389,9367.480469
363,0.9293462239172927,1,1,1,13.664871432926892,2.11,10830.038922794542,9361.9,10275.617146594686,9445.919922
364,0.9310195128695546,1,1,1,13.597625618558004,1.97,10885.11400293301,9488.8,10289.876005729284,9401.099609
365,0.9319549021976623,1,1,1,13.635734077105235,2.03,10877.503007496542,9560.0,10342.04718753275,9516.839844
366,0.9355913676932783,1,1,1,13.859898027634305,2.0,10962.90721037591,9589.0,10579.021404601333,9517.860352
367,0.9458024336452149,1,1,1,14.147503853899805,2.02,11082.556634703229,9666.3,10774.823451690776,9613.200195
368,0.9549058929339402,1,1,1,14.41140565751465,1.97,11145.534571846356,10192.0,11146.412197138412,9595.700195
369,0.9605347872136321,1,1,1,14.735009791136076,1.83,11356.072986657779,10935.6,11532.166351032072,9623.580078
370,0.9771926124527344,1,1,1,15.06834713309204,1.9,11573.346656179596,10956.7,11746.254322040657,9629.799805
371,0.9761957512950094,1,1,1,15.441773145512336,1.93,11899.04507631368,10999.0,11634.868066450541,9718.730469
372,0.9742014145253097,1,1,1,15.810290020020442,1.9,12165.598916290055,10980.8,11624.32063116135,9627.830078
373,0.9694785307463792,1,1,1,16.053294309891342,1.82,12127.100178773591,11387.8,11529.400482431081,9446.69043
374,0.9574615715875817,1,1,1,16.289033032729503,1.67,11604.359995125249,11941.5,11455.715651646258,9079.629883
375,0.9543277132477616,1,1,1,16.372825829292736,1.55,11667.580189411035,11157.1,11485.055780246852,8834.870117
376,0.9320280048307829,1,1,1,16.710432572646276,1.43,11394.94466542512,11254.1,10884.580626124209,8873.759766
377,0.9359216240571218,1,1,1,17.150410228137112,1.41,11511.507370625004,11221.5,10925.171427598341,8436.669922
378,0.9151673995398794,1,1,1,17.739349637153303,1.38,11256.237695942009,11653.3,10458.696611605053,8461.830078
379,0.9254536012041075,1,1,1,17.289465266185015,1.32,11453.316878498095,11850.5,10663.519110087902,8877.980469
380,0.9252989117713623,1,1,1,17.469853995691075,1.35,11518.195662287195,11549.1,10536.720435903168,8594.490234
381,0.9250216119573272,1,1,1,17.872947529786885,1.24,11561.394797112374,11743.6,10800.402230236677,8949.280273
382,0.9231650467488756,1,1,1,18.13012058781283,1.07,11538.190492408536,12008.2,10827.694560070084,8671.660156
383,0.9091819156873234,1,1,1,18.226539252419432,0.65,11696.577764516629,11823.1,10634.355304462433,8530.339844
384,0.9012356279135956,1,1,1,18.684284087095868,0.7,11729.07005672134,11354.3,10669.186067160155,7948.029785
385,0.8606600188927244,1,1,1,19.348031905874205,0.8,11201.001540498011,11575.9,9316.473415382985,8372.269531
386,0.867960853859872,1,1,1,19.230723842766228,0.75,11522.832831615571,11735.7,9376.66107256143,8006.120117
387,0.8692059479802859,1,1,1,19.58994625948645,0.87,11568.539443057722,11865.4,9526.797346232139,7263.649902
388,0.8587597925824285,1,1,1,19.671265333262802,0.66,11495.403296159311,11904.6,9158.338848525238,7995.259766
389,0.8610714040095079,1,1,1,19.698147862975542,0.74,11825.058658446726,11857.3,9283.99446051026,7020.379883
390,0.8619385056050746,1,1,1,20.12012209787263,0.68,11946.714899423105,12283.0,9180.68901751901,7473.950195
391,0.862769647443647,1,1,1,20.416728138778144,0.74,12215.24695186838,11855.9,9213.938201031766,7175.180176
392,0.8541672432435722,1,1,1,20.53333739440114,0.7,12316.218234758066,11718.0,8896.554716684666,7288.52002
393,0.8497527510677925,1,1,1,20.686772165227897,0.65,12252.565771540121,11847.5,8903.379565001842,6994.290039
394,0.8490057680047419,1,1,1,21.173609979933715,0.65,12395.139803784352,11468.1,8881.6444557851,7006.919922
395,0.8490261255195213,1,1,1,21.113563795726154,0.72,12614.579616049805,11591.8,8836.095089522667,7553.830078
396,0.8542032880426447,1,1,1,20.79601246537823,0.69,12691.500368980944,11666.8,8883.52832716329,7469.620117
397,0.8564013371888298,1,1,1,21.23278885157773,0.64,12831.653995003691,11690.4,9018.730397866568,7897.129883
398,0.8774857661812763,1,1,1,21.553726720318785,0.67,13503.56770080783,11350.2,9491.191026369386,7588.370117
399,0.8719736365985833,1,1,1,21.89836141076062,0.66,13579.690038390978,11401.6,9505.744635615503,7889.009766
400,0.8658427129101209,1,1,1,21.600783037797047,0.54,13422.204738857368,11368.0,9670.744180879814,7813.5
401,0.8725391846750754,1,1,1,21.911887882326017,0.56,13957.041209281266,11496.2,9711.061268530313,7486.290039
402,0.8591808902689616,1,1,1,22.409098840429557,0.53,13815.685268407839,11600.8,9350.147171277822,7635.660156
403,0.8593081360556643,1,1,1,22.4389514277195,0.63,13782.34901022687,11668.4,9370.664363682576,7528.109863
404,0.8538080537643468,1,1,1,22.805937553021174,0.61,13718.071729211497,11674.8,9244.100359187192,8081.660156
405,0.8614097068203415,1,1,1,23.602185101446658,0.63,14080.232653050445,11844.4,9496.89849752368,8049.310059
406,0.8652421182980644,1,1,1,23.486542681237076,0.65,14185.09066166727,11375.1,9543.633819673947,8229.540039
407,0.8643883852361534,1,1,1,23.646441510925946,0.63,14572.320153840163,10249.6,9511.300930646661,8238.530273
408,0.8423976605068526,1,1,1,24.212719164559935,0.62,13055.815621404647,10432.4,9430.114269303023,8332.740234
409,0.8432273478041525,1,1,1,24.55988861573735,0.6,12984.029011021797,10169.7,9510.846007854485,8692.160156
410,0.8465684624605722,1,1,1,25.080198905821447,0.56,13215.577789615043,10195.3,9518.831444843296,8591.959961
411,0.8307033385945329,1,1,1,25.38417846126175,0.64,12796.347783975458,10305.7,9397.519859402391,8757.830078
412,0.8467749579963607,1,1,1,25.88504465944422,0.57,13145.610882541563,10000.4,9968.522120318843,8832.410156
413,0.7957790648689438,1,1,1,26.523594680572586,0.58,10948.775493518831,10365.6,9597.869962867027,8726.509766
414,0.8027730407799489,1,1,1,26.977748005288273,0.63,11038.491120295752,10222.9,9874.634297663802,8403.0
415,0.8095505309439368,1,1,1,27.466787290792038,0.7,11657.000806213497,10351.7,9936.173757786448,8664.639648
416,0.8210514599272465,1,1,1,27.58939868600876,0.72,11803.257258775808,10546.3,10092.7734959623,8641.5
417,0.8199909839063904,1,1,1,27.910675745286532,0.67,11911.614037703772,10353.0,10026.794189688591,8786.599609
418,0.8205439149012557,1,1,1,27.957076857803596,0.69,11879.104250297052,10739.2,9993.733035651328,8837.660156
419,0.8261325912259324,1,1,1,28.18150688329999,0.74,12035.581445096457,10762.2,10154.71622462174,8677.599609
420,0.8301617300278797,1,1,1,28.098468770455863,0.9,12223.564928592392,10887.4,10173.691166939865,8982.759766
421,0.8340436216021063,1,1,1,28.445384636959623,0.86,12397.849099341009,10938.2,10317.21947097481,9000.509766
422,0.8351246836049593,1,1,1,28.667742110883864,0.82,12426.079287343386,10960.0,10307.091398480583,8718.179688
423,0.842755609221669,1,1,1,29.012359431043443,0.81,12717.088385159534,10950.5,10382.80215554606,8834.110352
424,0.8499765359247106,1,1,1,29.489388808585232,0.7,13032.567566964417,10957.9,10550.363595450439,8930.620117
425,0.8521652030358658,1,1,1,30.120550301787326,0.76,13344.040830541151,10450.9,10488.328968110032,8984.860352
426,0.8616336893586295,1,1,1,30.355123158460508,0.78,13458.22734950576,10485.9,10634.46882816016,9101.879883
427,0.8676879627368717,1,1,1,30.510066426499662,0.79,13552.79165051527,10300.2,10772.445930458745,9220.349609
428,0.8606608406221206,1,1,1,31.396002807736405,0.82,12751.363574796953,10685.4,10669.221834202825,9298.919922
429,0.8712148183146428,1,1,1,31.81558302509039,0.73,12856.895502344561,10706.4,10943.295055379978,9112.450195
430,0.8674004019957491,1,1,1,32.05607415434425,0.73,12756.942324884656,10778.7,10854.92719049382,9000.080078
431,0.8657996157958455,1,1,1,31.266123494223443,0.75,13008.090114134571,10895.8,10906.232853228821,9094.419922
432,0.8559346126545311,1,1,1,31.70503480033551,0.88,12638.360214622555,10697.8,10822.9799454518,9152.639648
433,0.8681500605848785,1,1,1,32.23647383518498,0.86,12747.937035533445,10768.5,10958.102823338437,9331.929688
434,0.8641422819389536,1,1,1,32.491433295941775,0.91,12997.105435535812,10801.9,10875.525407328549,9298.540039
435,0.8641296218824819,1,1,1,32.92121243034366,1.01,13553.682363993417,10613.6,10892.446767597188,9485.019531
436,0.866485009917648,1,1,1,33.307329949248356,1.0,13620.985194663082,10552.7,10956.143453367631,9377.990234
437,0.8520041188296772,1,1,1,33.00993203680852,1.18,13055.750979056258,10545.4,10845.035719135856,9413.990234
438,0.839206634692792,1,1,1,32.963986658643556,1.25,12950.603369788772,10684.2,10631.111949534934,9389.980469
439,0.8383100911108103,1,1,1,33.57489198439347,1.2,12832.817167402512,10778.5,10950.468437022551,9442.049805
440,0.8516444908566091,1,1,1,33.989633133289885,1.19,13132.571918803978,10588.9,11309.787502671184,9416.709961
441,0.8709313411374149,1,1,1,34.47334992090025,1.14,13495.625871063095,10645.4,11764.130358091455,9555.530273
442,0.8651784390900904,1,1,1,35.17017859246686,1.17,13610.60560287912,10896.3,11608.293071647671,9598.889648
443,0.8615784968981149,1,1,1,36.0678753956165,1.08,14049.6815506231,11419.8,11601.639214536177,9657.30957
444,0.8768282295457428,1,1,1,36.74827857283114,1.15,14487.617390222573,11327.2,11903.782312889856,9704.69043
445,0.8799536046235359,1,1,1,37.2002084025715,1.4,14144.875567271234,11395.5,11925.825291603425,9629.660156
446,0.8727400619352589,1,1,1,37.503214933821326,1.99,14049.393864869946,11469.1,11660.82822976527,9824.389648
447,0.8742860362449394,1,1,1,38.03324995429755,1.9,14007.96870125225,11442.7,11999.6624984794,9901.519531
448,0.8788031539807757,1,1,1,38.6558623465877,1.69,13985.106338316382,11376.5,12561.337509860226,9967.169922
449,0.8711059192610071,1,1,1,38.780857658313025,1.43,13862.614008174723,11499.0,12061.704717715504,10094.25977
450,0.8678770701533601,1,1,1,39.297641495701185,1.51,14040.78288398262,11355.2,12113.823944641836,9588.480469
451,0.8588232666715148,1,1,1,39.8025173436031,1.49,14091.23682062194,11372.3,11762.928538813529,9663.780273
452,0.8472063032828504,1,1,1,40.56170043438949,1.49,13866.304628065805,11430.9,11710.8236498262,9776.889648
453,0.8476983525144192,1,1,1,40.80035930997003,1.36,13856.113782046481,11756.5,11711.123890446368,9949.370117
454,0.8483814312788431,1,1,1,40.404120818756375,1.37,13866.968144647497,12195.9,11639.378442618186,9982.480469
455,0.8517412863055683,1,1,1,40.577636824350975,1.42,14171.740060952765,12770.2,11776.449317066767,10012.04981
456,0.8560851552569456,1,1,1,40.717037619682436,1.36,14421.829664853876,12958.2,11772.088356519505,10008.63965
457,0.8610083276191264,1,1,1,41.13457545267607,1.36,14801.710186137843,12982.1,11756.202266527835,10130.33008
458,0.857575413720253,1,1,1,41.53592171505843,1.23,14692.336551955626,13303.9,11819.263690801607,10209.82031
459,0.8740489040431364,1,1,1,41.894849156107824,1.23,14932.276100234174,13101.3,11989.675502121614,10002.7002
460,0.8674482785305462,1,1,1,42.141767391452994,1.15,14907.143586389158,13090.0,11930.53527139761,10101.83008
461,0.8656781558545521,1,1,1,42.71535096264578,1.12,14812.410864790018,13799.5,11874.362403035191,9849.360352
462,0.8643490843152951,1,1,1,43.07889077662855,1.16,14845.44160150758,13266.6,11751.14255637446,9961.160156
463,0.8691925847078795,1,1,1,43.353184060653746,1.18,14928.630099684737,13452.7,12064.015615348115,10156.84961
464,0.8668357483947013,1,1,1,43.684218065541636,1.22,14906.132204334006,13471.3,12137.738286488517,10279.25
465,0.8630019554416178,1,1,1,44.07254834977698,1.18,14920.854595625255,13659.0,12055.636288964693,10341.88965
466,0.8590399861354847,1,1,1,44.42318923293418,1.09,14852.354208625677,13666.5,11906.749257712972,10604.05957
467,0.8612167150559471,1,1,1,44.862435622317214,1.09,15183.237643141081,13419.0,12054.049028087748,10524.00977
468,0.867252828698548,1,1,1,45.258587214154105,1.03,15403.375917339135,13897.3,12250.079387649315,10666.7002
469,0.8817059976951209,1,1,1,45.66092708972273,1.05,15626.375428020669,14292.5,12589.91618214288,10754.58984
470,0.8888390611074067,1,1,1,46.436746823114575,1.06,16234.818887553374,15548.2,12860.538367021301,10836.33008
471,0.8833107608579244,1,1,1,46.814911990001846,1.06,16142.780957234465,15498.7,12814.609050716997,10602.20996
472,0.8696093662069181,1,1,1,47.49377784043869,1.07,15625.165274672883,15030.2,12682.167888519502,10689.51953
473,0.8672597321287241,1,1,1,48.15133454959113,1.09,15878.65690601584,15395.6,12639.716716447834,10701.67969
474,0.8680196615725637,1,1,1,48.77648446288864,1.07,16276.086247036039,15396.9,12584.093692445,10626.45996
475,0.8719843379398755,1,1,1,49.122760199966784,1.02,16414.295902075508,15385.2,12695.710441506077,10645.21973
476,0.8739885298645544,1,1,1,49.12944009760217,1.09,16572.552694894493,15659.1,12667.159246341444,10952.08008
477,0.8736727629696726,1,1,1,49.53030011433663,1.16,16706.95610904112,16395.1,12753.843831243968,10833.07031
478,0.8705325799685333,1,1,1,49.93657458567649,1.17,16884.493763733393,16116.8,12566.831975605386,10870.75
479,0.8812703802862414,1,1,1,50.928221810484345,1.16,17407.97926875989,15924.2,12952.377681641248,10580.58984
480,0.8680598962852949,1,1,1,51.59053733457047,1.15,16982.81952449278,16004.3,12768.905889298843,10483.12988
481,0.8631501909712574,1,1,1,52.32669869016491,1.13,17065.591895672715,16648.2,12733.587196842538,10674.37988
482,0.8693406636951352,1,1,1,52.543372803822095,1.14,17207.88108188284,18376.8,12752.216380608623,10532.5
483,0.8694920480875719,1,1,1,53.23183670652221,1.1,17352.307102849085,17843.5,12851.776084573221,10662.98047
484,0.8783108186156942,1,1,1,53.65954119152429,1.1,17591.108080805934,18180.0,12849.855726697704,10715.50977
485,0.8851580609662952,1,1,1,54.35603244385109,1.14,17728.246981627784,18614.6,12853.331566200577,10905.87988
486,0.8885153989038626,1,1,1,54.75843867065008,1.15,17801.65833132981,18582.4,13012.826395874137,11055.08008
487,0.8908559881357926,1,1,1,55.044011631952756,1.18,17867.749056868164,18453.4,13218.756756365825,11096.54004
488,0.8884534736734847,1,1,1,55.97183394438935,1.15,17953.861855022846,18423.7,13263.374711465643,11125.44043
489,0.8984870487174301,1,1,1,55.89717795564972,1.14,18289.964385695388,18779.6,13417.092725582843,11267.08008
490,0.8909728025209034,1,1,1,56.88378357918865,1.24,18182.73685972641,17777.1,13520.51431994186,11139.38965
491,0.8839930027585311,1,1,1,57.35694640006379,1.15,18040.294955715744,17071.3,13398.821026647282,11085.16992
492,0.8941507090735786,1,1,1,57.695523824148175,1.1,18332.285488023535,16938.7,13706.469032919678,10876.08008
493,0.8896130455773145,1,1,1,58.533938958578425,1.06,18844.637527106166,17791.7,13657.79704330581,11157.71973
494,0.8886580555700664,1,1,1,59.01731406761076,1.08,18926.167280785692,18511.3,13633.931126966534,11178.37012
495,0.8900297087167219,1,1,1,59.68809030995565,1.1,19185.725427895497,19466.8,13629.61357669593,11164.4502
496,0.8981777065398218,1,1,1,60.48875552902809,1.06,19561.783871421496,18507.3,13888.822912173557,11288.57031
497,0.8974122312340604,1,1,1,60.90450487267599,1.01,19585.75863469023,19065.4,13774.69743491519,11399.03027
498,0.8822171195095736,1,1,1,61.66096136695251,0.96,19266.84404619261,19288.2,13464.849666706896,11318.63965
499,0.8947999734623528,1,1,1,62.28218662844641,0.92,19541.642482317933,18884.1,13593.25442795193,11477.04981
500,0.9001370312329104,1,1,1,63.32109910469759,0.91,19758.75269280312,19203.7,13764.567801162899,11555.16016
501,0.9055937192897534,1,1,1,64.05178920401926,0.97,19902.675071511614,19288.8,13903.991355269354,11626.16992
502,0.906226983277558,1,1,1,64.74736630357553,0.86,20499.162147474868,19178.5,13898.91901173369,11721.80957
503,0.9014919209501902,1,1,1,65.1261492847274,0.8,20383.92094266262,18217.9,13758.397344492272,11971.94043
504,0.8995907589182512,1,1,1,65.36190276348724,0.8,20405.833656892795,18455.5,13744.642634270822,11926.16016
505,0.9016247384618296,1,1,1,65.72625078427392,0.69,20471.72250945642,17984.0,13739.7853510923,11995.84961
506,0.9089750135487686,1,1,1,66.08023129770825,0.74,20726.23504478688,18384.0,13859.716028039496,12110.7002
507,0.918002515020456,1,1,1,66.57119503161768,0.69,20969.02716652736,18867.2,14081.451447988755,12292.86035
508,0.9211006655342272,1,1,1,67.2140648217115,0.67,21134.872688632127,19083.0,14179.48742714306,12420.54004
509,0.9253738472908799,1,1,1,68.25390487997551,0.71,21541.578404689302,19309.3,14338.796976940712,11771.37012
510,0.9248537324168647,1,1,1,68.7930175474163,0.65,21788.625862286117,19381.2,14266.685049172529,11622.12988
511,0.9194256445732166,1,1,1,69.63537957461905,0.67,21631.96328628558,21837.6,14203.819135830574,11068.25977
512,0.8868659128260215,1,1,1,70.5142938173529,0.65,20865.90794953937,22947.3,13132.906123928453,11395.84961
513,0.8877072410799568,1,1,1,71.30333164400967,0.67,21192.572367934557,23083.2,13186.225781806166,11154.12012
514,0.8894160291271601,1,1,1,72.25356197360259,0.72,21351.874525941756,23300.3,13168.145335948735,11087.40039
515,0.8863038874656441,1,1,1,73.0016479192363,0.74,21649.24618053371,23901.2,13061.051239022658,11277.75977
516,0.8920203973548776,1,1,1,74.00906765063772,0.78,22380.753157902996,22954.2,13269.46104751652,11438.87012
517,0.896250411364793,1,1,1,74.44382621903758,0.79,22566.4527248772,23516.6,13446.876297722134,11247.59961
518,0.9084442350524883,1,1,1,75.08112824298534,0.75,22942.347161348895,22977.4,13797.898487896677,11080.9502
519,0.9148674517110127,1,1,1,76.10046642887461,0.74,23176.910387405205,23577.7,13824.618402530767,10936.98047
520,0.8957304536318341,1,1,1,77.25980490753577,0.74,22692.100824297944,24911.2,13465.471855708967,10980.21973
521,0.9024655607460471,1,1,1,78.12927753256075,0.68,22881.973294469306,26710.9,13752.061366842654,11186.37012
522,0.9178359351424573,1,1,1,79.55901757291093,0.68,23519.908042853833,26946.1,14231.512550733705,10833.33008
523,0.87912624601947,1,1,1,80.84429302410736,0.66,22527.956983105,26381.2,13224.97577709669,10896.46973
524,0.8872550095219077,1,1,1,81.40030420717412,0.68,22772.22763743283,27838.5,13335.089092229877,11151.12988
525,0.8946086570446107,1,1,1,82.1301536014752,0.69,23338.232708076077,28940.6,13486.886795941147,11364.4502
526,0.9118773075685318,1,1,1,83.07957207040174,0.68,23964.82419947004,29238.8,13918.29248801148,11322.9502
527,0.9082145381908474,1,1,1,83.70848010027801,0.68,23868.563854475313,29400.6,14027.911762033225,11418.05957
528,0.8974436040670458,1,1,1,84.29102933221546,0.71,23668.542256312256,32861.6,13690.211871372558,11583.2002
529,0.930315462545797,1,1,1,83.84444289266186,0.72,25312.92936012426,33328.7,14307.124866066179,11255.69043
530,0.9504215940904778,1,1,1,84.17739149704754,0.7,26744.337868106762,31381.1,14883.210864563898,11509.05957
531,0.9353040252615318,1,1,1,85.56988787383526,0.73,26813.363000323207,35228.7,14541.483111864503,11291.26953
532,0.9307306524144359,1,1,1,86.4276193242894,0.84,27506.13665110496,37490.0,14114.325570401346,11503.19043
533,0.9583564507690219,1,1,1,86.72962444675977,0.8,29033.398029960514,38713.3,14601.78913393592,11550.94043
534,0.9879101451474415,1,1,1,86.9596035950009,0.76,30753.531484013434,40378.7,15060.307501916577,11725.84961
535,0.9810712773014576,1,1,1,87.09150146245095,0.73,31444.384241130858,40390.8,14721.858714797481,12088.11035
536,0.9995099569315526,1,1,1,87.06130301077444,0.72,32710.580443084684,35633.7,15011.631848243118,12083.16992
537,0.9945646865702559,1,1,1,87.44703298459534,0.71,32912.14286127395,34771.4,15026.702735074017,11985.36035
538,0.9806684669814616,1,1,1,88.65559340688311,0.7,32452.28904732524,33168.2,14698.754758754774,11898.57031
539,0.9764703193623919,1,1,1,88.97332612434235,0.68,32384.817515197585,37370.9,14638.706380546291,11852.16992
540,1.0003575504269855,1,1,1,89.3729196766929,0.68,33267.095857282904,38569.2,15116.670607966735,11634.34961
541,0.9796328422320292,1,1,1,90.38056117410784,0.73,32966.17894067476,36549.4,14572.593536576604,11677.83984
542,0.9775647302669429,1,1,1,91.15456452249495,0.73,33007.25139386165,35955.7,14676.802639719419,11665.37012
543,0.9671392183559987,1,1,1,91.67035158559077,0.71,32663.980680400764,34976.6,14359.164756764209,11662.91016
544,0.9638493407735663,1,1,1,92.16303353641075,0.66,32552.86896478228,36406.6,14256.707186973377,11692.57031
545,0.9668009902728927,1,1,1,93.26763360592776,0.58,32670.19583834324,35386.8,14332.233479212024,11504.51953
546,0.9594795119166674,1,1,1,94.33248549287792,0.57,32441.706200964887,34462.6,14213.112109451688,11598.9502
547,0.9622550536343693,1,1,1,94.89231323642755,0.54,32863.36478015906,30812.8,14332.695661573476,11142.75977
548,0.9167694418503024,1,1,1,96.20732815308402,0.51,30912.44718347358,32635.2,13474.179762274865,11350.74023
549,0.9155218071920157,1,1,1,97.38720019181966,0.48,31147.01080006259,32659.8,13491.094567117878,11052.9502
550,0.9150255908111485,1,1,1,98.62983848981801,0.49,31281.091525344666,33348.7,13714.510133270689,11084.75977
551,0.911879511043724,1,1,1,99.0872931586765,0.47,31606.861972531948,32007.5,13613.624351859631,11279.91016
552,0.9078521881852091,1,1,1,99.9398335038735,0.49,31527.136010441227,31721.7,13512.934388366408,11777.01953
553,0.9213831836018018,1,1,1,100.44168564056699,0.49,32025.266394278755,31258.1,13708.658996628701,12078.07031
554,0.9166610322049591,1,1,1,101.12357911327898,0.58,31960.44975492625,33093.1,13797.416271049147,12091.34961
555,0.9251583314496196,1,1,1,101.80048571449214,0.53,32318.50500343397,33424.5,13941.95584029531,11830.38965
556,0.9438722326824281,1,1,1,102.90355779915603,0.55,33101.6661190584,33930.3,14223.970686531036,11624.29004
557,0.9533932880150023,1,1,1,103.31028273875788,0.51,33410.37609265131,33580.3,14282.125450833704,11892.92969
558,0.947873238006703,1,1,1,104.10738327240267,0.52,33323.1045496764,33869.6,14247.28359404712,11827.13965
559,0.938594097873575,1,1,1,105.22896106448506,0.52,32996.890300355924,36609.2,14242.155204470608,11937.83984
560,0.9418067009988571,1,1,1,105.85288230736126,0.52,33240.880841068356,37634.5,14209.668223346698,12013.37988
561,0.9447898746567288,1,1,1,106.31494098683132,0.54,33394.25091150756,37299.4,14221.199592468838,11977.49023
562,0.9542874676493726,1,1,1,106.97401704617936,0.61,34289.557289900644,39259.4,14381.506820092121,11894.70996
563,0.960725568316398,1,1,1,107.43687036314127,0.6,34591.02035971558,37990.1,14542.148318906999,11985.42969
564,0.9588406124892275,1,1,1,108.07009184751531,0.64,35001.98142709035,38611.7,14477.666012161515,11906.44043
565,0.9575510927582077,1,1,1,108.98052526559687,0.67,34954.90817519936,46400.5,14551.409656551717,11905.94043
566,0.9703682913638917,1,1,1,109.66256568147439,0.7,35966.23478673406,46010.7,14746.186007360797,12079.80957
567,0.9757481405065714,1,1,1,110.68725045747202,0.7,36276.78427484223,44618.5,15052.65840438633,12152.21973
568,0.9840449102950751,1,1,1,110.97231042255758,0.63,36804.85340523476,47123.7,15193.467359567921,12258.20996
569,0.9790693836038125,1,1,1,112.62559945216938,0.63,37630.48060823263,47856.3,14990.24279037993,12268.32031
570,0.9927541024161199,1,1,1,113.7639374252929,0.66,38608.71243993028,47564.1,15226.202040050614,12455.33008
571,0.995353859106643,1,1,1,114.74571833884765,0.67,39162.72453638713,46784.5,15266.075378804428,12456.41016
572,0.9822993639876086,1,1,1,115.1251301203068,0.72,38987.07179425509,49224.3,14939.926959468368,12467.12988
573,0.9778772858858508,1,1,1,116.6294757566014,0.72,38945.12678802016,49273.4,14874.769484513989,12528.48047
574,0.990548751440151,1,1,1,118.0116895411243,0.75,39819.84459983218,52070.7,15435.34059227274,12596.46973
575,1.0174397954811738,1,1,1,117.83771499809896,0.77,41675.642573460726,51137.3,15798.431280457551,12635.71973
576,1.0129220334018043,1,1,1,118.66090922829325,0.81,41710.74621137726,55941.9,15691.640202814975,12364.63965
577,0.9709214775053904,1,1,1,120.38735874538474,0.81,40992.46310374536,56537.3,15258.106784439704,12401.74023
578,0.9906032440721426,1,1,1,120.6380493934828,0.8,42316.125111585156,55531.8,15572.008765600951,12375.41016
579,0.9996482575724134,1,1,1,121.44743820919726,0.74,43202.75740932183,50379.0,15732.542062256893,12462.20996
580,0.9988067423349519,1,1,1,121.94636331584782,0.72,43687.392868231065,50884.3,15703.138100883265,12595.91992
581,1.0017503766126301,1,1,1,122.25569739162499,0.73,43932.02443665085,49822.7,15640.453317484706,12668.16016
582,0.9988471258910041,1,1,1,122.65658256385208,0.71,44054.320493749095,47020.0,15604.906724352866,12752.05957
583,1.001659203928667,1,1,1,123.33074567643492,0.72,44298.01939221106,47762.9,15737.972410207687,12738.17969
584,1.0009011227537188,1,1,1,124.00963481654838,0.7,44362.024116654036,44741.0,15760.14398215971,12690.25977
585,0.9979396753959073,1,1,1,124.94406162099816,0.72,44393.50870423053,46566.6,15739.209994807423,12717.55957
586,0.9943900611926639,1,1,1,125.5313114711641,0.71,44235.603539305775,49053.0,15610.898775412572,12653.13965
587,0.9938370816004797,1,1,1,126.32159992362888,0.68,44355.155109050145,49207.5,15653.507209091684,12711.00977
588,0.987589100751938,1,1,1,127.48303269072234,0.65,44116.984319131705,49278.1,15427.962090225774,12838.86035
589,1.0006122812936826,1,1,1,129.27380776648863,0.67,44858.43614287641,47132.0,15845.570723253595,12843.49023
590,0.988582358717765,1,1,1,130.1130649101898,0.66,44418.02843989664,48447.7,15561.630265523409,12845.36035
591,0.9884526330680148,1,1,1,130.73249871894566,0.67,44543.596723317554,49501.2,15422.963593411354,12888.28027
592,0.9923328914543599,1,1,1,131.9471591084183,0.73,44856.0892382908,50411.2,15583.216152936175,12694.66016
593,0.9899536848388386,1,1,1,132.65984705110958,0.82,44813.010322961425,53878.4,15481.737462953963,12802.37988
594,1.0068717416699433,1,1,1,133.6189850149862,0.93,45735.541371101375,53565.5,16193.241714622076,12623.34961
595,0.9762566264878138,1,1,1,134.4795400191541,1.07,44510.07830244951,55667.1,15191.947263008418,12939.57031
596,0.9859503558188559,1,1,1,136.10254251579232,1.1,45009.57619601445,56710.6,15404.937329870614,13105.2002
597,0.9940313403401443,1,1,1,136.73304816365155,1.15,45663.32217373702,56485.1,15496.895884610914,12902.49023
598,0.9993063300624861,1,1,1,137.8690435878163,1.14,46052.37760720224,61218.9,15778.00469544895,12892.08984
599,1.0028101224147719,1,1,1,138.58348728159604,1.12,46528.53326934629,60375.5,15877.025802652079,12973.62988
600,0.9659587236596282,1,1,1,139.36152945969957,1.02,46451.87613678812,54269.4,15259.784649660136,12898.69043
601,0.9667289480779302,1,1,1,139.92913589914104,1.08,46518.428782520525,55835.2,15264.3955322008,12803.92969
602,0.9774381898456336,1,1,1,140.71347991632442,1.09,47242.83929111888,58727.6,15604.193447153875,12996.54004
603,0.9890878842461293,1,1,1,141.77346806836354,1.06,48014.91099802142,57859.3,15907.551176393275,13296.4502
604,0.9908186789223876,1,1,1,142.34198005875103,1.04,48242.17833701166,58296.2,15919.92227396459,13404.99023
605,1.0009964162005385,1,1,1,143.42219060390022,1.08,49004.50802694277,57754.5,16097.195257995889,13366.40039
606,0.9937701878874529,1,1,1,143.69249104214546,1.05,49015.956494545506,57316.4,15891.340245727972,13483.29004
607,0.9923958211234521,1,1,1,144.45984812207874,1.02,49211.13751298388,54577.0,15796.03852247153,13490.19043
608,0.9900459263864424,1,1,1,145.2386997673006,1.16,49228.12110451804,54444.7,15722.362891246394,13112.65039
609,0.9987939338375471,1,1,1,145.9682851134582,1.12,49982.03533808424,52136.7,15767.64998679608,13201.53027
610,0.9837323664366664,1,1,1,147.31627240786034,1.17,49282.63144801587,52428.5,15472.713751630194,12925.37988
611,0.9799760035555638,1,1,1,148.3086472929452,1.19,49339.22166305729,54751.7,15416.140024385808,13248.90039
612,0.9840395751717281,1,1,1,149.4157917111146,1.29,50141.423715517536,56133.6,15638.245078321717,13456.12012
613,0.9827420656388937,1,1,1,150.5570573276577,1.37,50331.78589948906,55393.9,15625.110452335402,13402.37012
614,0.9829999059113148,1,1,1,151.4473457548252,1.63,50462.96668049777,57141.0,15714.520601666285,13560.88965
615,0.9820144746258067,1,1,1,152.00328549689164,2.3,50484.45849486629,58534.6,15663.000337717227,13603.95996
616,0.9899304923822365,1,1,1,152.24344474106263,2.14,50983.313420196086,58995.8,15789.259768709404,13695.01953
617,1.000775839722889,1,1,1,152.973104217352,2.14,52005.377133484144,59733.7,16039.6894080319,13687.08008
618,1.002909257280506,1,1,1,154.37619385914758,2.13,52504.80671703584,59205.3,16092.588724316707,13655.26953
619,1.005783920805978,1,1,1,156.16486095183538,2.11,52764.12228672253,57325.1,16308.626854346541,13734.34961
620,0.9998046860233181,1,1,1,157.77937758468454,2.12,52829.21403168467,57555.1,16260.71467865667,13807.7002
621,0.9996757135578977,1,1,1,159.03819647023104,2.08,52822.39918667031,58800.4,16282.891023639613,13773.76953
622,1.0058722416086106,1,1,1,160.90501557216712,1.95,53480.572253516686,57907.1,16563.82236666283,13699.70996
623,1.0015156875396531,1,1,1,161.63203313137313,1.96,53471.53197507166,56580.9,16407.266934086023,13637.50977
624,1.0013625010821583,1,1,1,162.6544239501586,2.21,53946.835659834855,58081.2,16367.834341172982,13580.78027
625,0.9990951439473376,1,1,1,163.15626654194244,2.06,53889.13717836895,59119.4,16316.110321303657,13223.74023
626,0.9991322695909765,1,1,1,164.1899790020238,2.7,53952.60370172926,60319.8,16213.363599380868,13194.70996
627,0.9997500725751828,1,1,1,165.19503713606767,2.45,54080.69222600489,60211.2,16434.674741152292,13302.19043
628,0.9918481576980979,1,1,1,166.25361336308782,2.22,53739.96084237414,60535.5,16186.496319532402,12828.30957
629,1.0028399032149207,1,1,1,167.1546502018726,2.24,54535.25528780665,63809.0,16280.300974758016,12909.44043
630,1.0047108866154228,1,1,1,168.3624591366835,2.16,54700.12519147377,63001.1,16234.768826423659,13282.9502
631,1.0064954155879218,1,1,1,169.92491148630472,2.16,54928.76027590839,63063.3,16411.124311959713,13059.9502
632,1.0013169984152706,1,1,1,171.47605530646177,2.5,54699.440522493045,62376.3,16420.796091352873,12683.33008
633,0.9915769810437057,1,1,1,172.61247431290053,2.55,54189.97215523135,53728.9,16026.354482294493,12464.0
634,0.976118720406182,1,1,1,174.46261431237613,2.62,53431.16222659278,57230.4,15412.199300806165,12668.50977
635,0.9675608928459093,1,1,1,175.39878021532536,2.51,53018.22508535102,54759.9,15240.400766675293,12299.08008
636,0.9562368311630784,1,1,1,176.6042574252605,2.65,52547.42643822668,55500.5,15012.101583150948,12794.49023
637,0.9654563401515341,1,1,1,177.34056737386376,2.96,53054.059789483596,53351.4,15128.787657724137,12752.07031
638,0.9552081060028731,1,1,1,178.8258795527765,2.96,52593.299141810545,50197.1,14945.182091161467,13052.90039
639,0.9666466909173037,1,1,1,180.27035627278516,3.21,53216.49735192076,50207.0,15089.02245156419,12937.29004
640,0.9725834132404771,1,1,1,181.59413975987988,2.99,53708.708500597546,49705.9,15295.325233040436,13082.54004
641,0.9698476977622653,1,1,1,182.84768370756214,2.96,53655.49042721187,52265.6,15291.219440366038,13152.28027
642,0.9695867055860865,1,1,1,184.1630797020953,2.58,53782.60833669689,53527.9,15192.3415043615,13202.37988
643,0.9693764674052575,1,1,1,184.93628453729616,2.83,53849.88911792328,55019.8,15085.975001573439,12789.13965
644,0.9685682817071024,1,1,1,187.08102792699995,2.79,54333.98004364122,54165.8,15338.44398184596,12866.99023
645,0.957172164236404,1,1,1,188.1085962691202,2.44,53755.35161702313,53667.0,15001.061994601016,13086.50977
646,0.9748031795731609,1,1,1,189.00014374237963,2.59,54789.46463568776,58188.8,15371.672828628678,13017.79004
647,0.9767370304528605,1,1,1,190.32010389217118,2.41,55419.01286966973,56591.0,15581.220802629547,12798.87988
648,0.9647565471688514,1,1,1,191.89559343413396,2.48,55149.24959675591,57961.5,15257.956665445274,12780.50977
649,0.9648243029735536,1,1,1,192.9392527801663,2.3,55183.67519171182,55470.2,15251.053916134944,12979.12012
650,0.9659159692404303,1,1,1,194.35219848388522,2.35,55498.01683884404,55085.6,15339.443923536002,12965.74023
651,0.982916839253921,1,1,1,195.99542614181374,2.31,56825.64670019633,56860.9,15583.648573560218,12896.53027
652,0.9845500890078264,1,1,1,196.93212084257013,2.45,57240.821741821244,55920.0,15561.924202370345,13091.44043
653,0.9743155264443888,1,1,1,199.52586579080824,2.35,56762.342474677775,58058.1,15557.49169177489,13329.51953
654,0.9749084519022987,1,1,1,200.6646422182816,2.36,57167.440700914085,58976.3,15422.585358912338,13598.16016
655,0.9736541321742844,1,1,1,202.35671915554022,2.29,57716.31344213798,59352.4,15480.806852154989,13578.45996
656,0.9676211003640348,1,1,1,204.0130939444547,2.26,57652.72660507138,55126.4,15339.643598650062,13616.7002
657,0.9722258081906262,1,1,1,205.58395786023752,2.2,58431.221876625976,57752.6,15442.448668831623,13758.50977
658,0.9735510760188406,1,1,1,207.0959354268797,2.19,58574.59599960075,49715.2,15489.034252606305,13845.05957
659,0.9848747235760269,1,1,1,207.69819885758915,2.11,59192.6352626613,49391.5,15702.720281537187,13819.34961
660,0.9849508317939211,1,1,1,209.79618669810418,2.25,59265.806093000356,49762.8,15814.065469522417,13986.49023
661,0.9835007918702067,1,1,1,211.35188034992922,2.29,59593.32832886016,47875.9,15883.264310767743,13803.91016
662,0.9826573921812752,1,1,1,212.1463982213043,2.15,59329.44798362237,43493.4,15965.16182357683,14026.19043
663,0.9561505084616932,1,1,1,214.11640212768987,2.18,57598.0887358707,44847.2,15524.801714772011,14041.91016
664,0.9527765011038781,1,1,1,215.75288007363827,1.98,57377.65025119989,40569.0,15738.906243913476,13907.66992
665,0.942536501399221,1,1,1,217.3588639138036,2.0,56466.89096941231,38220.1,15643.2536169697,13809.29981
666,0.9362477827627916,1,1,1,219.37624123088239,1.92,55994.739979654805,40779.5,15756.714087154489,13935.15039
667,0.9411811796787375,1,1,1,221.28511007409173,1.97,56138.75896838521,36906.3,15953.237068276449,13762.36035
668,0.9260120041837425,1,1,1,222.57105503549369,1.99,54848.10769620387,37436.4,15830.555818984514,13941.44043
669,0.845730504085504,1,1,1,225.6451427400685,2.06,48009.614747105,35298.3,14504.358951985156,14026.16016
670,0.7854737368009939,1,1,1,227.92459782830457,2.22,43451.92524281085,38288.4,13470.949635709141,13960.28027
671,0.7975661256296152,1,1,1,229.38382505931034,2.23,44209.8236607322,39444.5,13822.75782586877,13901.62012
672,0.8145392050011817,1,1,1,230.57041280090402,2.15,45125.13751023909,37470.0,14127.47590579105,13970.2002
673,0.8286760108398763,1,1,1,231.6194549673263,2.14,45998.89613125728,37973.8,14408.675285302521,13860.75977
674,0.836564707888283,1,1,1,232.62264515980849,2.23,46750.83273225871,36324.7,14654.571621844185,13799.71973
675,0.836812868163332,1,1,1,234.75825787048103,2.25,46452.56120308502,34670.7,14828.768165958949,13544.66992
676,0.8414105453672952,1,1,1,235.8505921278703,2.18,46582.40691555535,34408.7,14887.547879055495,13503.37012
677,0.8158209288747799,1,1,1,237.71910959556078,2.24,44374.53602755673,36617.3,14608.64877775929,13613.73047
678,0.8282290533666644,1,1,1,238.56616360112807,2.26,45125.53139434726,36395.6,14830.837160377354,13719.62988
679,0.8328687943616293,1,1,1,240.22893413215078,2.25,45345.612948378526,37581.7,15089.167319959812,13359.08008
680,0.8370355812285679,1,1,1,241.04885093951,2.25,45526.00536595885,37877.1,15214.56307499073,13351.26953
681,0.840996535325441,1,1,1,242.117340845438,2.11,46034.87851073499,37419.3,15321.819341525123,13001.62988
682,0.8335295837269084,1,1,1,243.97182604533464,2.19,45797.84435626312,35968.9,15159.416742961144,13109.15039
683,0.8320855330072546,1,1,1,245.10321277309947,2.37,45828.291017028554,36404.7,15167.80985476037,13393.12012
684,0.8328220553754232,1,1,1,245.93050720730383,2.36,45396.30354790057,32869.0,15181.235675533606,13312.91016
685,0.8186271459771862,1,1,1,246.99891855935311,2.29,44114.0871115682,32952.3,14951.939619852108,13217.67969
686,0.7655074277682287,1,1,1,249.15433028230512,2.2,39832.70205420352,37012.9,14009.530500214252,13237.91016
687,0.7936534554942809,1,1,1,250.29040088628992,2.22,41725.41608538912,36665.9,14557.996479474661,13494.08984
688,0.7943658676476866,1,1,1,251.75274004496157,2.18,41773.85659283035,35339.5,14653.1073084698,13411.74023
689,0.8038690899516593,1,1,1,252.5979814127384,2.08,42139.767838944084,34950.8,14959.509851489971,13641.75
690,0.806996174526441,1,1,1,254.32643286660712,2.16,42316.12017689571,38826.4,15056.668838440775,13657.73047
691,0.8072443440029681,1,1,1,256.32624930770885,2.22,42520.84133471381,40479.3,15048.073561804787,13702.74023
692,0.817472895010454,1,1,1,256.60412490446174,2.25,43300.3552878695,40023.9,15294.989081170062,13657.84961
693,0.842740239179636,1,1,1,257.2800671524139,2.58,44637.13526289397,38834.5,15787.32421590321,13686.50977
694,0.8387274203940733,1,1,1,258.67621838817996,2.75,44402.40095628135,37940.2,15813.128219069325,13654.58984
695,0.8466649070133213,1,1,1,260.3872707775032,2.71,44998.99607384364,34963.5,16052.084496677999,13675.79004
696,0.8496586016306119,1,1,1,262.5695613910887,2.73,45387.79227258868,35636.2,16336.682552254002,13529.67969
697,0.8474861383043397,1,1,1,263.4638465205369,2.55,45152.2208178419,34681.0,16203.60839154286,13770.76953
698,0.8444145802595122,1,1,1,264.5039472322383,2.6,44979.14143754071,33025.6,16229.451390112288,13802.88965
699,0.8400879457250915,1,1,1,266.72341530849855,2.58,44599.55680679765,33811.7,16165.611664215483,13810.86035
700,0.8189945161981596,1,1,1,268.5647286834117,2.48,43011.371672992434,32466.3,15687.227191352735,13814.94043
701,0.8099118141954155,1,1,1,270.2522569699445,2.63,42254.28228216072,35098.7,15651.349596339052,13960.34961
702,0.820262506149217,1,1,1,271.38429127564183,2.64,42890.677709912336,32063.6,15987.91426946204,13998.29981
703,0.8035840647638248,1,1,1,274.4414827709981,2.94,42255.95874225812,33189.6,15891.272463023442,14128.2002
704,0.8084005744593699,1,1,1,275.38085308070106,3.05,42435.53450911173,34458.7,16086.698946188328,14030.41016
705,0.8167257217132269,1,1,1,276.82224604257607,2.79,42822.81282103595,34555.3,16334.74806011111,13983.00977
706,0.8364165616869752,1,1,1,277.9640597881564,2.68,43956.302788935835,35254.7,16737.82586924392,14163.80957
707,0.8454848541542928,1,1,1,279.7744088634972,2.92,44413.53453235813,34202.6,16955.52222033564,14049.58008
708,0.8495955589967243,1,1,1,281.84662221743343,2.97,44741.886279971375,32895.6,17143.546939736927,14137.23047
709,0.8329291065348576,1,1,1,283.6754017557147,3.0,43492.667246394005,33396.0,16793.894457729053,14270.41992
710,0.8333237663093594,1,1,1,285.08439570975446,2.98,43549.7625020422,34771.6,16801.851767117925,14274.24023
711,0.8397892303795506,1,1,1,286.7631766536854,3.15,43975.00017710545,34334.7,16932.21138639782,14365.95996
712,0.8309778751864737,1,1,1,288.35549459295,3.01,43519.04317649417,33883.2,16736.15613941999,14345.17969
713,0.8052008415889872,1,1,1,290.2166925913563,2.94,41551.89713174508,34428.1,16298.935869168798,14524.98047
714,0.8074804493684137,1,1,1,291.9762185390534,2.98,41802.39093336903,33359.6,16525.403829995863,14572.75
715,0.8075853889631481,1,1,1,293.4597529204262,3.24,41906.554998652275,32956.6,16580.291856834687,14554.79981
716,0.8269869815772901,1,1,1,295.09819754030923,3.09,43033.10843006643,33827.8,16953.564349479333,14560.04981
717,0.8335240719259877,1,1,1,297.2254676746642,2.96,43238.08210723979,33461.4,17072.063748934073,14727.62988
718,0.8221207798228959,1,1,1,299.0435517124049,2.74,42429.306941197494,34504.4,16914.310687741494,14786.36035
719,0.8287401116673093,1,1,1,301.2257868256802,2.78,42774.68077155274,33139.4,17211.806631889343,14810.54004
720,0.8356755180161574,1,1,1,302.7696032212942,2.88,43423.86267438521,31785.0,17409.324673121195,14722.13965
721,0.7893344554648235,1,1,1,305.4894391414894,2.87,40222.9181796025,32711.8,16409.642463845652,14826.08984
722,0.7985547008296605,1,1,1,306.34758493035497,2.8,40904.710271391064,31906.4,16618.360919072158,14877.88965
723,0.7761679385441813,1,1,1,307.94166743780943,2.76,39372.92990231512,31326.6,16134.897152714997,14874.54004
724,0.7926906211460439,1,1,1,308.4506517550444,2.67,40298.08880967841,32132.1,16502.310734605595,14900.44043
725,0.79787367627931,1,1,1,309.47810877911036,2.49,40552.83187298884,31577.7,16622.221289428704,14794.69043
726,0.8181862807762532,1,1,1,307.3555931575572,2.49,41585.24296707122,29619.3,17053.75177535432,14681.37988
727,0.8134119301925694,1,1,1,308.2522889152593,2.57,41257.75708894375,29849.9,16919.38784438032,14549.08984
728,0.8246397643945206,1,1,1,309.61758804500914,2.67,41946.38549747896,31960.1,17162.051435359615,14728.20996
729,0.8103422766896737,1,1,1,310.97328367018764,2.66,40943.7418405876,32537.4,16896.948375717562,14842.62988
